Notes,State,State Code,Mother's Bridged Race,Mother's Bridged Race Code,Mother's Hispanic Origin,Mother's Hispanic Origin Code,Births
,Alabama,1,American Indian or Alaska Native,1002-5,Hispanic or Latino,2135-2,253
,Alabama,1,American Indian or Alaska Native,1002-5,Not Hispanic or Latino,2186-5,2326
,Alabama,1,American Indian or Alaska Native,1002-5,Unknown or Not Stated,9,Suppressed
,Alabama,1,Asian or Pacific Islander,A-PI,Hispanic or Latino,2135-2,796
,Alabama,1,Asian or Pacific Islander,A-PI,Not Hispanic or Latino,2186-5,13161
,Alabama,1,Asian or Pacific Islander,A-PI,Unknown or Not Stated,9,Suppressed
,Alabama,1,Black or African American,2054-5,Hispanic or Latino,2135-2,2239
,Alabama,1,Black or African American,2054-5,Not Hispanic or Latino,2186-5,240322
,Alabama,1,Black or African American,2054-5,Unknown or Not Stated,9,56
,Alabama,1,White,2106-3,Hispanic or Latino,2135-2,56542
,Alabama,1,White,2106-3,Not Hispanic or Latino,2186-5,464861
,Alabama,1,White,2106-3,Unknown or Not Stated,9,183
,Alaska,2,American Indian or Alaska Native,1002-5,Hispanic or Latino,2135-2,793
,Alaska,2,American Indian or Alaska Native,1002-5,Not Hispanic or Latino,2186-5,32552
,Alaska,2,American Indian or Alaska Native,1002-5,Unknown or Not Stated,9,477
,Alaska,2,Asian or Pacific Islander,A-PI,Hispanic or Latino,2135-2,473
,Alaska,2,Asian or Pacific Islander,A-PI,Not Hispanic or Latino,2186-5,12844
,Alaska,2,Asian or Pacific Islander,A-PI,Unknown or Not Stated,9,299
,Alaska,2,Black or African American,2054-5,Hispanic or Latino,2135-2,710
,Alaska,2,Black or African American,2054-5,Not Hispanic or Latino,2186-5,5491
,Alaska,2,Black or African American,2054-5,Unknown or Not Stated,9,197
,Alaska,2,White,2106-3,Hispanic or Latino,2135-2,7894
,Alaska,2,White,2106-3,Not Hispanic or Latino,2186-5,79429
,Alaska,2,White,2106-3,Unknown or Not Stated,9,2202
,Arizona,4,American Indian or Alaska Native,1002-5,Hispanic or Latino,2135-2,5140
,Arizona,4,American Indian or Alaska Native,1002-5,Not Hispanic or Latino,2186-5,67066
,Arizona,4,American Indian or Alaska Native,1002-5,Unknown or Not Stated,9,1459
,Arizona,4,Asian or Pacific Islander,A-PI,Hispanic or Latino,2135-2,2743
,Arizona,4,Asian or Pacific Islander,A-PI,Not Hispanic or Latino,2186-5,42637
,Arizona,4,Asian or Pacific Islander,A-PI,Unknown or Not Stated,9,508
,Arizona,4,Black or African American,2054-5,Hispanic or Latino,2135-2,5967
,Arizona,4,Black or African American,2054-5,Not Hispanic or Latino,2186-5,57634
,Arizona,4,Black or African American,2054-5,Unknown or Not Stated,9,494
,Arizona,4,White,2106-3,Hispanic or Latino,2135-2,457968
,Arizona,4,White,2106-3,Not Hispanic or Latino,2186-5,491690
,Arizona,4,White,2106-3,Unknown or Not Stated,9,3828
,Arkansas,5,American Indian or Alaska Native,1002-5,Hispanic or Latino,2135-2,367
,Arkansas,5,American Indian or Alaska Native,1002-5,Not Hispanic or Latino,2186-5,3383
,Arkansas,5,American Indian or Alaska Native,1002-5,Unknown or Not Stated,9,16
,Arkansas,5,Asian or Pacific Islander,A-PI,Hispanic or Latino,2135-2,648
,Arkansas,5,Asian or Pacific Islander,A-PI,Not Hispanic or Latino,2186-5,12852
,Arkansas,5,Asian or Pacific Islander,A-PI,Unknown or Not Stated,9,66
,Arkansas,5,Black or African American,2054-5,Hispanic or Latino,2135-2,1875
,Arkansas,5,Black or African American,2054-5,Not Hispanic or Latino,2186-5,96643
,Arkansas,5,Black or African American,2054-5,Unknown or Not Stated,9,501
,Arkansas,5,White,2106-3,Hispanic or Latino,2135-2,49949
,Arkansas,5,White,2106-3,Not Hispanic or Latino,2186-5,334215
,Arkansas,5,White,2106-3,Unknown or Not Stated,9,1153
,California,6,American Indian or Alaska Native,1002-5,Hispanic or Latino,2135-2,15324
,California,6,American Indian or Alaska Native,1002-5,Not Hispanic or Latino,2186-5,29057
,California,6,American Indian or Alaska Native,1002-5,Unknown or Not Stated,9,1023
,California,6,Asian or Pacific Islander,A-PI,Hispanic or Latino,2135-2,20504
,California,6,Asian or Pacific Islander,A-PI,Not Hispanic or Latino,2186-5,936153
,California,6,Asian or Pacific Islander,A-PI,Unknown or Not Stated,9,39571
,California,6,Black or African American,2054-5,Hispanic or Latino,2135-2,30028
,California,6,Black or African American,2054-5,Not Hispanic or Latino,2186-5,371960
,California,6,Black or African American,2054-5,Unknown or Not Stated,9,11476
,California,6,White,2106-3,Hispanic or Latino,2135-2,3110693
,California,6,White,2106-3,Not Hispanic or Latino,2186-5,1834061
,California,6,White,2106-3,Unknown or Not Stated,9,89833
,Colorado,8,American Indian or Alaska Native,1002-5,Hispanic or Latino,2135-2,3582
,Colorado,8,American Indian or Alaska Native,1002-5,Not Hispanic or Latino,2186-5,6281
,Colorado,8,American Indian or Alaska Native,1002-5,Unknown or Not Stated,9,261
,Colorado,8,Asian or Pacific Islander,A-PI,Hispanic or Latino,2135-2,2183
,Colorado,8,Asian or Pacific Islander,A-PI,Not Hispanic or Latino,2186-5,34514
,Colorado,8,Asian or Pacific Islander,A-PI,Unknown or Not Stated,9,683
,Colorado,8,Black or African American,2054-5,Hispanic or Latino,2135-2,5782
,Colorado,8,Black or African American,2054-5,Not Hispanic or Latino,2186-5,42649
,Colorado,8,Black or African American,2054-5,Unknown or Not Stated,9,1079
,Colorado,8,White,2106-3,Hispanic or Latino,2135-2,234565
,Colorado,8,White,2106-3,Not Hispanic or Latino,2186-5,517831
,Colorado,8,White,2106-3,Unknown or Not Stated,9,9015
,Connecticut,9,American Indian or Alaska Native,1002-5,Hispanic or Latino,2135-2,906
,Connecticut,9,American Indian or Alaska Native,1002-5,Not Hispanic or Latino,2186-5,2189
,Connecticut,9,American Indian or Alaska Native,1002-5,Unknown or Not Stated,9,Suppressed
,Connecticut,9,Asian or Pacific Islander,A-PI,Hispanic or Latino,2135-2,685
,Connecticut,9,Asian or Pacific Islander,A-PI,Not Hispanic or Latino,2186-5,30498
,Connecticut,9,Asian or Pacific Islander,A-PI,Unknown or Not Stated,9,34
,Connecticut,9,Black or African American,2054-5,Hispanic or Latino,2135-2,8373
,Connecticut,9,Black or African American,2054-5,Not Hispanic or Latino,2186-5,61464
,Connecticut,9,Black or African American,2054-5,Unknown or Not Stated,9,126
,Connecticut,9,White,2106-3,Hispanic or Latino,2135-2,100078
,Connecticut,9,White,2106-3,Not Hispanic or Latino,2186-5,274014
,Connecticut,9,White,2106-3,Unknown or Not Stated,9,833
,Delaware,10,American Indian or Alaska Native,1002-5,Hispanic or Latino,2135-2,70
,Delaware,10,American Indian or Alaska Native,1002-5,Not Hispanic or Latino,2186-5,230
,Delaware,10,American Indian or Alaska Native,1002-5,Unknown or Not Stated,9,Suppressed
,Delaware,10,Asian or Pacific Islander,A-PI,Hispanic or Latino,2135-2,196
,Delaware,10,Asian or Pacific Islander,A-PI,Not Hispanic or Latino,2186-5,7672
,Delaware,10,Asian or Pacific Islander,A-PI,Unknown or Not Stated,9,16
,Delaware,10,Black or African American,2054-5,Hispanic or Latino,2135-2,1883
,Delaware,10,Black or African American,2054-5,Not Hispanic or Latino,2186-5,39121
,Delaware,10,Black or African American,2054-5,Unknown or Not Stated,9,97
,Delaware,10,White,2106-3,Hispanic or Latino,2135-2,18457
,Delaware,10,White,2106-3,Not Hispanic or Latino,2186-5,77298
,Delaware,10,White,2106-3,Unknown or Not Stated,9,130
,District of Columbia,11,American Indian or Alaska Native,1002-5,Hispanic or Latino,2135-2,131
,District of Columbia,11,American Indian or Alaska Native,1002-5,Not Hispanic or Latino,2186-5,151
,District of Columbia,11,American Indian or Alaska Native,1002-5,Unknown or Not Stated,9,Suppressed
,District of Columbia,11,Asian or Pacific Islander,A-PI,Hispanic or Latino,2135-2,1115
,District of Columbia,11,Asian or Pacific Islander,A-PI,Not Hispanic or Latino,2186-5,4864
,District of Columbia,11,Asian or Pacific Islander,A-PI,Unknown or Not Stated,9,31
,District of Columbia,11,Black or African American,2054-5,Hispanic or Latino,2135-2,4627
,District of Columbia,11,Black or African American,2054-5,Not Hispanic or Latino,2186-5,61472
,District of Columbia,11,Black or African American,2054-5,Unknown or Not Stated,9,378
,District of Columbia,11,White,2106-3,Hispanic or Latino,2135-2,11845
,District of Columbia,11,White,2106-3,Not Hispanic or Latino,2186-5,35638
,District of Columbia,11,White,2106-3,Unknown or Not Stated,9,163
,Florida,12,American Indian or Alaska Native,1002-5,Hispanic or Latino,2135-2,1760
,Florida,12,American Indian or Alaska Native,1002-5,Not Hispanic or Latino,2186-5,4522
,Florida,12,American Indian or Alaska Native,1002-5,Unknown or Not Stated,9,26
,Florida,12,Asian or Pacific Islander,A-PI,Hispanic or Latino,2135-2,7403
,Florida,12,Asian or Pacific Islander,A-PI,Not Hispanic or Latino,2186-5,92748
,Florida,12,Asian or Pacific Islander,A-PI,Unknown or Not Stated,9,319
,Florida,12,Black or African American,2054-5,Hispanic or Latino,2135-2,63839
,Florida,12,Black or African American,2054-5,Not Hispanic or Latino,2186-5,647032
,Florida,12,Black or African American,2054-5,Unknown or Not Stated,9,1928
,Florida,12,White,2106-3,Hispanic or Latino,2135-2,753914
,Florida,12,White,2106-3,Not Hispanic or Latino,2186-5,1296075
,Florida,12,White,2106-3,Unknown or Not Stated,9,7247
,Georgia,13,American Indian or Alaska Native,1002-5,Hispanic or Latino,2135-2,1630
,Georgia,13,American Indian or Alaska Native,1002-5,Not Hispanic or Latino,2186-5,2125
,Georgia,13,American Indian or Alaska Native,1002-5,Unknown or Not Stated,9,70
,Georgia,13,Asian or Pacific Islander,A-PI,Hispanic or Latino,2135-2,6050
,Georgia,13,Asian or Pacific Islander,A-PI,Not Hispanic or Latino,2186-5,74488
,Georgia,13,Asian or Pacific Islander,A-PI,Unknown or Not Stated,9,1254
,Georgia,13,Black or African American,2054-5,Hispanic or Latino,2135-2,30155
,Georgia,13,Black or African American,2054-5,Not Hispanic or Latino,2186-5,592553
,Georgia,13,Black or African American,2054-5,Unknown or Not Stated,9,11654
,Georgia,13,White,2106-3,Hispanic or Latino,2135-2,218159
,Georgia,13,White,2106-3,Not Hispanic or Latino,2186-5,782577
,Georgia,13,White,2106-3,Unknown or Not Stated,9,14813
,Hawaii,15,American Indian or Alaska Native,1002-5,Hispanic or Latino,2135-2,233
,Hawaii,15,American Indian or Alaska Native,1002-5,Not Hispanic or Latino,2186-5,576
,Hawaii,15,American Indian or Alaska Native,1002-5,Unknown or Not Stated,9,Suppressed
,Hawaii,15,Asian or Pacific Islander,A-PI,Hispanic or Latino,2135-2,19711
,Hawaii,15,Asian or Pacific Islander,A-PI,Not Hispanic or Latino,2186-5,134006
,Hawaii,15,Asian or Pacific Islander,A-PI,Unknown or Not Stated,9,269
,Hawaii,15,Black or African American,2054-5,Hispanic or Latino,2135-2,1129
,Hawaii,15,Black or African American,2054-5,Not Hispanic or Latino,2186-5,6881
,Hawaii,15,Black or African American,2054-5,Unknown or Not Stated,9,13
,Hawaii,15,White,2106-3,Hispanic or Latino,2135-2,16202
,Hawaii,15,White,2106-3,Not Hispanic or Latino,2186-5,59823
,Hawaii,15,White,2106-3,Unknown or Not Stated,9,157
,Idaho,16,American Indian or Alaska Native,1002-5,Hispanic or Latino,2135-2,1371
,Idaho,16,American Indian or Alaska Native,1002-5,Not Hispanic or Latino,2186-5,4169
,Idaho,16,American Indian or Alaska Native,1002-5,Unknown or Not Stated,9,28
,Idaho,16,Asian or Pacific Islander,A-PI,Hispanic or Latino,2135-2,537
,Idaho,16,Asian or Pacific Islander,A-PI,Not Hispanic or Latino,2186-5,5579
,Idaho,16,Asian or Pacific Islander,A-PI,Unknown or Not Stated,9,43
,Idaho,16,Black or African American,2054-5,Hispanic or Latino,2135-2,548
,Idaho,16,Black or African American,2054-5,Not Hispanic or Latino,2186-5,2801
,Idaho,16,Black or African American,2054-5,Unknown or Not Stated,9,40
,Idaho,16,White,2106-3,Hispanic or Latino,2135-2,44876
,Idaho,16,White,2106-3,Not Hispanic or Latino,2186-5,237105
,Idaho,16,White,2106-3,Unknown or Not Stated,9,1073
,Illinois,17,American Indian or Alaska Native,1002-5,Hispanic or Latino,2135-2,655
,Illinois,17,American Indian or Alaska Native,1002-5,Not Hispanic or Latino,2186-5,2311
,Illinois,17,American Indian or Alaska Native,1002-5,Unknown or Not Stated,9,24
,Illinois,17,Asian or Pacific Islander,A-PI,Hispanic or Latino,2135-2,1291
,Illinois,17,Asian or Pacific Islander,A-PI,Not Hispanic or Latino,2186-5,126957
,Illinois,17,Asian or Pacific Islander,A-PI,Unknown or Not Stated,9,918
,Illinois,17,Black or African American,2054-5,Hispanic or Latino,2135-2,7382
,Illinois,17,Black or African American,2054-5,Not Hispanic or Latino,2186-5,357911
,Illinois,17,Black or African American,2054-5,Unknown or Not Stated,9,3174
,Illinois,17,White,2106-3,Hispanic or Latino,2135-2,450823
,Illinois,17,White,2106-3,Not Hispanic or Latino,2186-5,1113477
,Illinois,17,White,2106-3,Unknown or Not Stated,9,7445
,Indiana,18,American Indian or Alaska Native,1002-5,Hispanic or Latino,2135-2,316
,Indiana,18,American Indian or Alaska Native,1002-5,Not Hispanic or Latino,2186-5,1388
,Indiana,18,American Indian or Alaska Native,1002-5,Unknown or Not Stated,9,Suppressed
,Indiana,18,Asian or Pacific Islander,A-PI,Hispanic or Latino,2135-2,978
,Indiana,18,Asian or Pacific Islander,A-PI,Not Hispanic or Latino,2186-5,28447
,Indiana,18,Asian or Pacific Islander,A-PI,Unknown or Not Stated,9,119
,Indiana,18,Black or African American,2054-5,Hispanic or Latino,2135-2,4336
,Indiana,18,Black or African American,2054-5,Not Hispanic or Latino,2186-5,134188
,Indiana,18,Black or African American,2054-5,Unknown or Not Stated,9,373
,Indiana,18,White,2106-3,Hispanic or Latino,2135-2,94552
,Indiana,18,White,2106-3,Not Hispanic or Latino,2186-5,828625
,Indiana,18,White,2106-3,Unknown or Not Stated,9,604
,Iowa,19,American Indian or Alaska Native,1002-5,Hispanic or Latino,2135-2,956
,Iowa,19,American Indian or Alaska Native,1002-5,Not Hispanic or Latino,2186-5,2532
,Iowa,19,American Indian or Alaska Native,1002-5,Unknown or Not Stated,9,Suppressed
,Iowa,19,Asian or Pacific Islander,A-PI,Hispanic or Latino,2135-2,766
,Iowa,19,Asian or Pacific Islander,A-PI,Not Hispanic or Latino,2186-5,15943
,Iowa,19,Asian or Pacific Islander,A-PI,Unknown or Not Stated,9,Suppressed
,Iowa,19,Black or African American,2054-5,Hispanic or Latino,2135-2,1621
,Iowa,19,Black or African American,2054-5,Not Hispanic or Latino,2186-5,29788
,Iowa,19,Black or African American,2054-5,Unknown or Not Stated,9,Suppressed
,Iowa,19,White,2106-3,Hispanic or Latino,2135-2,40160
,Iowa,19,White,2106-3,Not Hispanic or Latino,2186-5,415544
,Iowa,19,White,2106-3,Unknown or Not Stated,9,85
,Kansas,20,American Indian or Alaska Native,1002-5,Hispanic or Latino,2135-2,815
,Kansas,20,American Indian or Alaska Native,1002-5,Not Hispanic or Latino,2186-5,3512
,Kansas,20,American Indian or Alaska Native,1002-5,Unknown or Not Stated,9,18
,Kansas,20,Asian or Pacific Islander,A-PI,Hispanic or Latino,2135-2,970
,Kansas,20,Asian or Pacific Islander,A-PI,Not Hispanic or Latino,2186-5,17274
,Kansas,20,Asian or Pacific Islander,A-PI,Unknown or Not Stated,9,38
,Kansas,20,Black or African American,2054-5,Hispanic or Latino,2135-2,2677
,Kansas,20,Black or African American,2054-5,Not Hispanic or Latino,2186-5,38213
,Kansas,20,Black or African American,2054-5,Unknown or Not Stated,9,90
,Kansas,20,White,2106-3,Hispanic or Latino,2135-2,77599
,Kansas,20,White,2106-3,Not Hispanic or Latino,2186-5,366850
,Kansas,20,White,2106-3,Unknown or Not Stated,9,690
,Kentucky,21,American Indian or Alaska Native,1002-5,Hispanic or Latino,2135-2,288
,Kentucky,21,American Indian or Alaska Native,1002-5,Not Hispanic or Latino,2186-5,887
,Kentucky,21,American Indian or Alaska Native,1002-5,Unknown or Not Stated,9,Suppressed
,Kentucky,21,Asian or Pacific Islander,A-PI,Hispanic or Latino,2135-2,1319
,Kentucky,21,Asian or Pacific Islander,A-PI,Not Hispanic or Latino,2186-5,14434
,Kentucky,21,Asian or Pacific Islander,A-PI,Unknown or Not Stated,9,43
,Kentucky,21,Black or African American,2054-5,Hispanic or Latino,2135-2,3317
,Kentucky,21,Black or African American,2054-5,Not Hispanic or Latino,2186-5,68982
,Kentucky,21,Black or African American,2054-5,Unknown or Not Stated,9,146
,Kentucky,21,White,2106-3,Hispanic or Latino,2135-2,33882
,Kentucky,21,White,2106-3,Not Hispanic or Latino,2186-5,602339
,Kentucky,21,White,2106-3,Unknown or Not Stated,9,841
,Louisiana,22,American Indian or Alaska Native,1002-5,Hispanic or Latino,2135-2,522
,Louisiana,22,American Indian or Alaska Native,1002-5,Not Hispanic or Latino,2186-5,4810
,Louisiana,22,American Indian or Alaska Native,1002-5,Unknown or Not Stated,9,Suppressed
,Louisiana,22,Asian or Pacific Islander,A-PI,Hispanic or Latino,2135-2,1777
,Louisiana,22,Asian or Pacific Islander,A-PI,Not Hispanic or Latino,2186-5,16342
,Louisiana,22,Asian or Pacific Islander,A-PI,Unknown or Not Stated,9,22
,Louisiana,22,Black or African American,2054-5,Hispanic or Latino,2135-2,9861
,Louisiana,22,Black or African American,2054-5,Not Hispanic or Latino,2186-5,311262
,Louisiana,22,Black or African American,2054-5,Unknown or Not Stated,9,155
,Louisiana,22,White,2106-3,Hispanic or Latino,2135-2,40971
,Louisiana,22,White,2106-3,Not Hispanic or Latino,2186-5,431867
,Louisiana,22,White,2106-3,Unknown or Not Stated,9,314
,Maine,23,American Indian or Alaska Native,1002-5,Hispanic or Latino,2135-2,26
,Maine,23,American Indian or Alaska Native,1002-5,Not Hispanic or Latino,2186-5,1627
,Maine,23,American Indian or Alaska Native,1002-5,Unknown or Not Stated,9,Suppressed
,Maine,23,Asian or Pacific Islander,A-PI,Hispanic or Latino,2135-2,55
,Maine,23,Asian or Pacific Islander,A-PI,Not Hispanic or Latino,2186-5,2890
,Maine,23,Asian or Pacific Islander,A-PI,Unknown or Not Stated,9,13
,Maine,23,Black or African American,2054-5,Hispanic or Latino,2135-2,150
,Maine,23,Black or African American,2054-5,Not Hispanic or Latino,2186-5,5735
,Maine,23,Black or African American,2054-5,Unknown or Not Stated,9,Suppressed
,Maine,23,White,2106-3,Hispanic or Latino,2135-2,2588
,Maine,23,White,2106-3,Not Hispanic or Latino,2186-5,153199
,Maine,23,White,2106-3,Unknown or Not Stated,9,276
,Maryland,24,American Indian or Alaska Native,1002-5,Hispanic or Latino,2135-2,1378
,Maryland,24,American Indian or Alaska Native,1002-5,Not Hispanic or Latino,2186-5,1837
,Maryland,24,American Indian or Alaska Native,1002-5,Unknown or Not Stated,9,15
,Maryland,24,Asian or Pacific Islander,A-PI,Hispanic or Latino,2135-2,4359
,Maryland,24,Asian or Pacific Islander,A-PI,Not Hispanic or Latino,2186-5,68215
,Maryland,24,Asian or Pacific Islander,A-PI,Unknown or Not Stated,9,171
,Maryland,24,Black or African American,2054-5,Hispanic or Latino,2135-2,19139
,Maryland,24,Black or African American,2054-5,Not Hispanic or Latino,2186-5,310722
,Maryland,24,Black or African American,2054-5,Unknown or Not Stated,9,1066
,Maryland,24,White,2106-3,Hispanic or Latino,2135-2,120088
,Maryland,24,White,2106-3,Not Hispanic or Latino,2186-5,424859
,Maryland,24,White,2106-3,Unknown or Not Stated,9,967
,Massachusetts,25,American Indian or Alaska Native,1002-5,Hispanic or Latino,2135-2,230
,Massachusetts,25,American Indian or Alaska Native,1002-5,Not Hispanic or Latino,2186-5,1797
,Massachusetts,25,American Indian or Alaska Native,1002-5,Unknown or Not Stated,9,28
,Massachusetts,25,Asian or Pacific Islander,A-PI,Hispanic or Latino,2135-2,1170
,Massachusetts,25,Asian or Pacific Islander,A-PI,Not Hispanic or Latino,2186-5,81416
,Massachusetts,25,Asian or Pacific Islander,A-PI,Unknown or Not Stated,9,821
,Massachusetts,25,Black or African American,2054-5,Hispanic or Latino,2135-2,29734
,Massachusetts,25,Black or African American,2054-5,Not Hispanic or Latino,2186-5,92758
,Massachusetts,25,Black or African American,2054-5,Unknown or Not Stated,9,1098
,Massachusetts,25,White,2106-3,Hispanic or Latino,2135-2,130114
,Massachusetts,25,White,2106-3,Not Hispanic or Latino,2186-5,592941
,Massachusetts,25,White,2106-3,Unknown or Not Stated,9,8715
,Michigan,26,American Indian or Alaska Native,1002-5,Hispanic or Latino,2135-2,837
,Michigan,26,American Indian or Alaska Native,1002-5,Not Hispanic or Latino,2186-5,8824
,Michigan,26,American Indian or Alaska Native,1002-5,Unknown or Not Stated,9,37
,Michigan,26,Asian or Pacific Islander,A-PI,Hispanic or Latino,2135-2,1082
,Michigan,26,Asian or Pacific Islander,A-PI,Not Hispanic or Latino,2186-5,54789
,Michigan,26,Asian or Pacific Islander,A-PI,Unknown or Not Stated,9,222
,Michigan,26,Black or African American,2054-5,Hispanic or Latino,2135-2,7007
,Michigan,26,Black or African American,2054-5,Not Hispanic or Latino,2186-5,283393
,Michigan,26,Black or African American,2054-5,Unknown or Not Stated,9,735
,Michigan,26,White,2106-3,Hispanic or Latino,2135-2,90455
,Michigan,26,White,2106-3,Not Hispanic or Latino,2186-5,1033844
,Michigan,26,White,2106-3,Unknown or Not Stated,9,5520
,Minnesota,27,American Indian or Alaska Native,1002-5,Hispanic or Latino,2135-2,2510
,Minnesota,27,American Indian or Alaska Native,1002-5,Not Hispanic or Latino,2186-5,16708
,Minnesota,27,American Indian or Alaska Native,1002-5,Unknown or Not Stated,9,143
,Minnesota,27,Asian or Pacific Islander,A-PI,Hispanic or Latino,2135-2,2326
,Minnesota,27,Asian or Pacific Islander,A-PI,Not Hispanic or Latino,2186-5,68185
,Minnesota,27,Asian or Pacific Islander,A-PI,Unknown or Not Stated,9,430
,Minnesota,27,Black or African American,2054-5,Hispanic or Latino,2135-2,4026
,Minnesota,27,Black or African American,2054-5,Not Hispanic or Latino,2186-5,96957
,Minnesota,27,Black or African American,2054-5,Unknown or Not Stated,9,634
,Minnesota,27,White,2106-3,Hispanic or Latino,2135-2,57162
,Minnesota,27,White,2106-3,Not Hispanic or Latino,2186-5,646713
,Minnesota,27,White,2106-3,Unknown or Not Stated,9,5499
,Mississippi,28,American Indian or Alaska Native,1002-5,Hispanic or Latino,2135-2,174
,Mississippi,28,American Indian or Alaska Native,1002-5,Not Hispanic or Latino,2186-5,3288
,Mississippi,28,American Indian or Alaska Native,1002-5,Unknown or Not Stated,9,Suppressed
,Mississippi,28,Asian or Pacific Islander,A-PI,Hispanic or Latino,2135-2,322
,Mississippi,28,Asian or Pacific Islander,A-PI,Not Hispanic or Latino,2186-5,6257
,Mississippi,28,Asian or Pacific Islander,A-PI,Unknown or Not Stated,9,Suppressed
,Mississippi,28,Black or African American,2054-5,Hispanic or Latino,2135-2,3419
,Mississippi,28,Black or African American,2054-5,Not Hispanic or Latino,2186-5,224638
,Mississippi,28,Black or African American,2054-5,Unknown or Not Stated,9,77
,Mississippi,28,White,2106-3,Hispanic or Latino,2135-2,16407
,Mississippi,28,White,2106-3,Not Hispanic or Latino,2186-5,262399
,Mississippi,28,White,2106-3,Unknown or Not Stated,9,194
,Missouri,29,American Indian or Alaska Native,1002-5,Hispanic or Latino,2135-2,871
,Missouri,29,American Indian or Alaska Native,1002-5,Not Hispanic or Latino,2186-5,4250
,Missouri,29,American Indian or Alaska Native,1002-5,Unknown or Not Stated,9,35
,Missouri,29,Asian or Pacific Islander,A-PI,Hispanic or Latino,2135-2,1201
,Missouri,29,Asian or Pacific Islander,A-PI,Not Hispanic or Latino,2186-5,26382
,Missouri,29,Asian or Pacific Islander,A-PI,Unknown or Not Stated,9,129
,Missouri,29,Black or African American,2054-5,Hispanic or Latino,2135-2,3737
,Missouri,29,Black or African American,2054-5,Not Hispanic or Latino,2186-5,150550
,Missouri,29,Black or African American,2054-5,Unknown or Not Stated,9,964
,Missouri,29,White,2106-3,Hispanic or Latino,2135-2,49142
,Missouri,29,White,2106-3,Not Hispanic or Latino,2186-5,747982
,Missouri,29,White,2106-3,Unknown or Not Stated,9,2669
,Montana,30,American Indian or Alaska Native,1002-5,Hispanic or Latino,2135-2,904
,Montana,30,American Indian or Alaska Native,1002-5,Not Hispanic or Latino,2186-5,17760
,Montana,30,American Indian or Alaska Native,1002-5,Unknown or Not Stated,9,672
,Montana,30,Asian or Pacific Islander,A-PI,Hispanic or Latino,2135-2,130
,Montana,30,Asian or Pacific Islander,A-PI,Not Hispanic or Latino,2186-5,1862
,Montana,30,Asian or Pacific Islander,A-PI,Unknown or Not Stated,9,24
,Montana,30,Black or African American,2054-5,Hispanic or Latino,2135-2,180
,Montana,30,Black or African American,2054-5,Not Hispanic or Latino,2186-5,1107
,Montana,30,Black or African American,2054-5,Unknown or Not Stated,9,29
,Montana,30,White,2106-3,Hispanic or Latino,2135-2,5199
,Montana,30,White,2106-3,Not Hispanic or Latino,2186-5,128124
,Montana,30,White,2106-3,Unknown or Not Stated,9,1382
,Nebraska,31,American Indian or Alaska Native,1002-5,Hispanic or Latino,2135-2,2104
,Nebraska,31,American Indian or Alaska Native,1002-5,Not Hispanic or Latino,2186-5,5178
,Nebraska,31,American Indian or Alaska Native,1002-5,Unknown or Not Stated,9,Suppressed
,Nebraska,31,Asian or Pacific Islander,A-PI,Hispanic or Latino,2135-2,1222
,Nebraska,31,Asian or Pacific Islander,A-PI,Not Hispanic or Latino,2186-5,10456
,Nebraska,31,Asian or Pacific Islander,A-PI,Unknown or Not Stated,9,Suppressed
,Nebraska,31,Black or African American,2054-5,Hispanic or Latino,2135-2,2749
,Nebraska,31,Black or African American,2054-5,Not Hispanic or Latino,2186-5,23669
,Nebraska,31,Black or African American,2054-5,Unknown or Not Stated,9,18
,Nebraska,31,White,2106-3,Hispanic or Latino,2135-2,47349
,Nebraska,31,White,2106-3,Not Hispanic or Latino,2186-5,247337
,Nebraska,31,White,2106-3,Unknown or Not Stated,9,135
,Nevada,32,American Indian or Alaska Native,1002-5,Hispanic or Latino,2135-2,1225
,Nevada,32,American Indian or Alaska Native,1002-5,Not Hispanic or Latino,2186-5,4960
,Nevada,32,American Indian or Alaska Native,1002-5,Unknown or Not Stated,9,60
,Nevada,32,Asian or Pacific Islander,A-PI,Hispanic or Latino,2135-2,2296
,Nevada,32,Asian or Pacific Islander,A-PI,Not Hispanic or Latino,2186-5,40027
,Nevada,32,Asian or Pacific Islander,A-PI,Unknown or Not Stated,9,153
,Nevada,32,Black or African American,2054-5,Hispanic or Latino,2135-2,3996
,Nevada,32,Black or African American,2054-5,Not Hispanic or Latino,2186-5,54068
,Nevada,32,Black or African American,2054-5,Unknown or Not Stated,9,280
,Nevada,32,White,2106-3,Hispanic or Latino,2135-2,169329
,Nevada,32,White,2106-3,Not Hispanic or Latino,2186-5,194612
,Nevada,32,White,2106-3,Unknown or Not Stated,9,2434
,New Hampshire,33,American Indian or Alaska Native,1002-5,Hispanic or Latino,2135-2,56
,New Hampshire,33,American Indian or Alaska Native,1002-5,Not Hispanic or Latino,2186-5,259
,New Hampshire,33,American Indian or Alaska Native,1002-5,Unknown or Not Stated,9,Suppressed
,New Hampshire,33,Asian or Pacific Islander,A-PI,Hispanic or Latino,2135-2,193
,New Hampshire,33,Asian or Pacific Islander,A-PI,Not Hispanic or Latino,2186-5,6593
,New Hampshire,33,Asian or Pacific Islander,A-PI,Unknown or Not Stated,9,82
,New Hampshire,33,Black or African American,2054-5,Hispanic or Latino,2135-2,888
,New Hampshire,33,Black or African American,2054-5,Not Hispanic or Latino,2186-5,2999
,New Hampshire,33,Black or African American,2054-5,Unknown or Not Stated,9,59
,New Hampshire,33,White,2106-3,Hispanic or Latino,2135-2,6793
,New Hampshire,33,White,2106-3,Not Hispanic or Latino,2186-5,145141
,New Hampshire,33,White,2106-3,Unknown or Not Stated,9,1253
,New Jersey,34,American Indian or Alaska Native,1002-5,Hispanic or Latino,2135-2,1151
,New Jersey,34,American Indian or Alaska Native,1002-5,Not Hispanic or Latino,2186-5,1323
,New Jersey,34,American Indian or Alaska Native,1002-5,Unknown or Not Stated,9,26
,New Jersey,34,Asian or Pacific Islander,A-PI,Hispanic or Latino,2135-2,4826
,New Jersey,34,Asian or Pacific Islander,A-PI,Not Hispanic or Latino,2186-5,151931
,New Jersey,34,Asian or Pacific Islander,A-PI,Unknown or Not Stated,9,947
,New Jersey,34,Black or African American,2054-5,Hispanic or Latino,2135-2,42890
,New Jersey,34,Black or African American,2054-5,Not Hispanic or Latino,2186-5,202739
,New Jersey,34,Black or African American,2054-5,Unknown or Not Stated,9,2010
,New Jersey,34,White,2106-3,Hispanic or Latino,2135-2,315227
,New Jersey,34,White,2106-3,Not Hispanic or Latino,2186-5,635782
,New Jersey,34,White,2106-3,Unknown or Not Stated,9,6348
,New Mexico,35,American Indian or Alaska Native,1002-5,Hispanic or Latino,2135-2,4276
,New Mexico,35,American Indian or Alaska Native,1002-5,Not Hispanic or Latino,2186-5,40788
,New Mexico,35,American Indian or Alaska Native,1002-5,Unknown or Not Stated,9,638
,New Mexico,35,Asian or Pacific Islander,A-PI,Hispanic or Latino,2135-2,739
,New Mexico,35,Asian or Pacific Islander,A-PI,Not Hispanic or Latino,2186-5,6066
,New Mexico,35,Asian or Pacific Islander,A-PI,Unknown or Not Stated,9,105
,New Mexico,35,Black or African American,2054-5,Hispanic or Latino,2135-2,2128
,New Mexico,35,Black or African American,2054-5,Not Hispanic or Latino,2186-5,6172
,New Mexico,35,Black or African American,2054-5,Unknown or Not Stated,9,143
,New Mexico,35,White,2106-3,Hispanic or Latino,2135-2,184140
,New Mexico,35,White,2106-3,Not Hispanic or Latino,2186-5,96999
,New Mexico,35,White,2106-3,Unknown or Not Stated,9,2000
,New York,36,American Indian or Alaska Native,1002-5,Hispanic or Latino,2135-2,3811
,New York,36,American Indian or Alaska Native,1002-5,Not Hispanic or Latino,2186-5,6711
,New York,36,American Indian or Alaska Native,1002-5,Unknown or Not Stated,9,103
,New York,36,Asian or Pacific Islander,A-PI,Hispanic or Latino,2135-2,10408
,New York,36,Asian or Pacific Islander,A-PI,Not Hispanic or Latino,2186-5,320385
,New York,36,Asian or Pacific Islander,A-PI,Unknown or Not Stated,9,2145
,New York,36,Black or African American,2054-5,Hispanic or Latino,2135-2,120988
,New York,36,Black or African American,2054-5,Not Hispanic or Latino,2186-5,488002
,New York,36,Black or African American,2054-5,Unknown or Not Stated,9,7611
,New York,36,White,2106-3,Hispanic or Latino,2135-2,589491
,New York,36,White,2106-3,Not Hispanic or Latino,2186-5,1506193
,New York,36,White,2106-3,Unknown or Not Stated,9,35639
,North Carolina,37,American Indian or Alaska Native,1002-5,Hispanic or Latino,2135-2,3087
,North Carolina,37,American Indian or Alaska Native,1002-5,Not Hispanic or Latino,2186-5,21569
,North Carolina,37,American Indian or Alaska Native,1002-5,Unknown or Not Stated,9,16
,North Carolina,37,Asian or Pacific Islander,A-PI,Hispanic or Latino,2135-2,7842
,North Carolina,37,Asian or Pacific Islander,A-PI,Not Hispanic or Latino,2186-5,60435
,North Carolina,37,Asian or Pacific Islander,A-PI,Unknown or Not Stated,9,53
,North Carolina,37,Black or African American,2054-5,Hispanic or Latino,2135-2,32122
,North Carolina,37,Black or African American,2054-5,Not Hispanic or Latino,2186-5,380099
,North Carolina,37,Black or African American,2054-5,Unknown or Not Stated,9,250
,North Carolina,37,White,2106-3,Hispanic or Latino,2135-2,203117
,North Carolina,37,White,2106-3,Not Hispanic or Latino,2186-5,878962
,North Carolina,37,White,2106-3,Unknown or Not Stated,9,800
,North Dakota,38,American Indian or Alaska Native,1002-5,Hispanic or Latino,2135-2,728
,North Dakota,38,American Indian or Alaska Native,1002-5,Not Hispanic or Latino,2186-5,12194
,North Dakota,38,American Indian or Alaska Native,1002-5,Unknown or Not Stated,9,181
,North Dakota,38,Asian or Pacific Islander,A-PI,Hispanic or Latino,2135-2,356
,North Dakota,38,Asian or Pacific Islander,A-PI,Not Hispanic or Latino,2186-5,2883
,North Dakota,38,Asian or Pacific Islander,A-PI,Unknown or Not Stated,9,85
,North Dakota,38,Black or African American,2054-5,Hispanic or Latino,2135-2,379
,North Dakota,38,Black or African American,2054-5,Not Hispanic or Latino,2186-5,5152
,North Dakota,38,Black or African American,2054-5,Unknown or Not Stated,9,294
,North Dakota,38,White,2106-3,Hispanic or Latino,2135-2,4344
,North Dakota,38,White,2106-3,Not Hispanic or Latino,2186-5,103975
,North Dakota,38,White,2106-3,Unknown or Not Stated,9,1290
,Ohio,39,American Indian or Alaska Native,1002-5,Hispanic or Latino,2135-2,855
,Ohio,39,American Indian or Alaska Native,1002-5,Not Hispanic or Latino,2186-5,2846
,Ohio,39,American Indian or Alaska Native,1002-5,Unknown or Not Stated,9,42
,Ohio,39,Asian or Pacific Islander,A-PI,Hispanic or Latino,2135-2,2043
,Ohio,39,Asian or Pacific Islander,A-PI,Not Hispanic or Latino,2186-5,51348
,Ohio,39,Asian or Pacific Islander,A-PI,Unknown or Not Stated,9,333
,Ohio,39,Black or African American,2054-5,Hispanic or Latino,2135-2,13280
,Ohio,39,Black or African American,2054-5,Not Hispanic or Latino,2186-5,308385
,Ohio,39,Black or African American,2054-5,Unknown or Not Stated,9,3606
,Ohio,39,White,2106-3,Hispanic or Latino,2135-2,73740
,Ohio,39,White,2106-3,Not Hispanic or Latino,2186-5,1359613
,Ohio,39,White,2106-3,Unknown or Not Stated,9,3726
,Oklahoma,40,American Indian or Alaska Native,1002-5,Hispanic or Latino,2135-2,4207
,Oklahoma,40,American Indian or Alaska Native,1002-5,Not Hispanic or Latino,2186-5,75245
,Oklahoma,40,American Indian or Alaska Native,1002-5,Unknown or Not Stated,9,132
,Oklahoma,40,Asian or Pacific Islander,A-PI,Hispanic or Latino,2135-2,834
,Oklahoma,40,Asian or Pacific Islander,A-PI,Not Hispanic or Latino,2186-5,19365
,Oklahoma,40,Asian or Pacific Islander,A-PI,Unknown or Not Stated,9,52
,Oklahoma,40,Black or African American,2054-5,Hispanic or Latino,2135-2,3432
,Oklahoma,40,Black or African American,2054-5,Not Hispanic or Latino,2186-5,64147
,Oklahoma,40,Black or African American,2054-5,Unknown or Not Stated,9,136
,Oklahoma,40,White,2106-3,Hispanic or Latino,2135-2,85512
,Oklahoma,40,White,2106-3,Not Hispanic or Latino,2186-5,429747
,Oklahoma,40,White,2106-3,Unknown or Not Stated,9,868
,Oregon,41,American Indian or Alaska Native,1002-5,Hispanic or Latino,2135-2,2410
,Oregon,41,American Indian or Alaska Native,1002-5,Not Hispanic or Latino,2186-5,8722
,Oregon,41,American Indian or Alaska Native,1002-5,Unknown or Not Stated,9,92
,Oregon,41,Asian or Pacific Islander,A-PI,Hispanic or Latino,2135-2,1375
,Oregon,41,Asian or Pacific Islander,A-PI,Not Hispanic or Latino,2186-5,35337
,Oregon,41,Asian or Pacific Islander,A-PI,Unknown or Not Stated,9,202
,Oregon,41,Black or African American,2054-5,Hispanic or Latino,2135-2,1605
,Oregon,41,Black or African American,2054-5,Not Hispanic or Latino,2186-5,15854
,Oregon,41,Black or African American,2054-5,Unknown or Not Stated,9,123
,Oregon,41,White,2106-3,Hispanic or Latino,2135-2,109599
,Oregon,41,White,2106-3,Not Hispanic or Latino,2186-5,411917
,Oregon,41,White,2106-3,Unknown or Not Stated,9,2537
,Pennsylvania,42,American Indian or Alaska Native,1002-5,Hispanic or Latino,2135-2,2412
,Pennsylvania,42,American Indian or Alaska Native,1002-5,Not Hispanic or Latino,2186-5,2715
,Pennsylvania,42,American Indian or Alaska Native,1002-5,Unknown or Not Stated,9,73
,Pennsylvania,42,Asian or Pacific Islander,A-PI,Hispanic or Latino,2135-2,6779
,Pennsylvania,42,Asian or Pacific Islander,A-PI,Not Hispanic or Latino,2186-5,79798
,Pennsylvania,42,Asian or Pacific Islander,A-PI,Unknown or Not Stated,9,1533
,Pennsylvania,42,Black or African American,2054-5,Hispanic or Latino,2135-2,47605
,Pennsylvania,42,Black or African American,2054-5,Not Hispanic or Latino,2186-5,265842
,Pennsylvania,42,Black or African American,2054-5,Unknown or Not Stated,9,8822
,Pennsylvania,42,White,2106-3,Hispanic or Latino,2135-2,134172
,Pennsylvania,42,White,2106-3,Not Hispanic or Latino,2186-5,1284291
,Pennsylvania,42,White,2106-3,Unknown or Not Stated,9,9153
,Rhode Island,44,American Indian or Alaska Native,1002-5,Hispanic or Latino,2135-2,762
,Rhode Island,44,American Indian or Alaska Native,1002-5,Not Hispanic or Latino,2186-5,984
,Rhode Island,44,American Indian or Alaska Native,1002-5,Unknown or Not Stated,9,64
,Rhode Island,44,Asian or Pacific Islander,A-PI,Hispanic or Latino,2135-2,900
,Rhode Island,44,Asian or Pacific Islander,A-PI,Not Hispanic or Latino,2186-5,6947
,Rhode Island,44,Asian or Pacific Islander,A-PI,Unknown or Not Stated,9,190
,Rhode Island,44,Black or African American,2054-5,Hispanic or Latino,2135-2,5429
,Rhode Island,44,Black or African American,2054-5,Not Hispanic or Latino,2186-5,12152
,Rhode Island,44,Black or African American,2054-5,Unknown or Not Stated,9,473
,Rhode Island,44,White,2106-3,Hispanic or Latino,2135-2,26694
,Rhode Island,44,White,2106-3,Not Hispanic or Latino,2186-5,83627
,Rhode Island,44,White,2106-3,Unknown or Not Stated,9,5162
,South Carolina,45,American Indian or Alaska Native,1002-5,Hispanic or Latino,2135-2,728
,South Carolina,45,American Indian or Alaska Native,1002-5,Not Hispanic or Latino,2186-5,2145
,South Carolina,45,American Indian or Alaska Native,1002-5,Unknown or Not Stated,9,10
,South Carolina,45,Asian or Pacific Islander,A-PI,Hispanic or Latino,2135-2,1789
,South Carolina,45,Asian or Pacific Islander,A-PI,Not Hispanic or Latino,2186-5,14997
,South Carolina,45,Asian or Pacific Islander,A-PI,Unknown or Not Stated,9,94
,South Carolina,45,Black or African American,2054-5,Hispanic or Latino,2135-2,9852
,South Carolina,45,Black or African American,2054-5,Not Hispanic or Latino,2186-5,238226
,South Carolina,45,Black or African American,2054-5,Unknown or Not Stated,9,1687
,South Carolina,45,White,2106-3,Hispanic or Latino,2135-2,55188
,South Carolina,45,White,2106-3,Not Hispanic or Latino,2186-5,433562
,South Carolina,45,White,2106-3,Unknown or Not Stated,9,959
,South Dakota,46,American Indian or Alaska Native,1002-5,Hispanic or Latino,2135-2,1120
,South Dakota,46,American Indian or Alaska Native,1002-5,Not Hispanic or Latino,2186-5,25282
,South Dakota,46,American Indian or Alaska Native,1002-5,Unknown or Not Stated,9,89
,South Dakota,46,Asian or Pacific Islander,A-PI,Hispanic or Latino,2135-2,147
,South Dakota,46,Asian or Pacific Islander,A-PI,Not Hispanic or Latino,2186-5,2860
,South Dakota,46,Asian or Pacific Islander,A-PI,Unknown or Not Stated,9,Suppressed
,South Dakota,46,Black or African American,2054-5,Hispanic or Latino,2135-2,188
,South Dakota,46,Black or African American,2054-5,Not Hispanic or Latino,2186-5,4260
,South Dakota,46,Black or African American,2054-5,Unknown or Not Stated,9,Suppressed
,South Dakota,46,White,2106-3,Hispanic or Latino,2135-2,5756
,South Dakota,46,White,2106-3,Not Hispanic or Latino,2186-5,116673
,South Dakota,46,White,2106-3,Unknown or Not Stated,9,107
,Tennessee,47,American Indian or Alaska Native,1002-5,Hispanic or Latino,2135-2,1788
,Tennessee,47,American Indian or Alaska Native,1002-5,Not Hispanic or Latino,2186-5,1522
,Tennessee,47,American Indian or Alaska Native,1002-5,Unknown or Not Stated,9,Suppressed
,Tennessee,47,Asian or Pacific Islander,A-PI,Hispanic or Latino,2135-2,3489
,Tennessee,47,Asian or Pacific Islander,A-PI,Not Hispanic or Latino,2186-5,24061
,Tennessee,47,Asian or Pacific Islander,A-PI,Unknown or Not Stated,9,46
,Tennessee,47,Black or African American,2054-5,Hispanic or Latino,2135-2,12216
,Tennessee,47,Black or African American,2054-5,Not Hispanic or Latino,2186-5,219850
,Tennessee,47,Black or African American,2054-5,Unknown or Not Stated,9,416
,Tennessee,47,White,2106-3,Hispanic or Latino,2135-2,79993
,Tennessee,47,White,2106-3,Not Hispanic or Latino,2186-5,714647
,Tennessee,47,White,2106-3,Unknown or Not Stated,9,992
,Texas,48,American Indian or Alaska Native,1002-5,Hispanic or Latino,2135-2,4759
,Texas,48,American Indian or Alaska Native,1002-5,Not Hispanic or Latino,2186-5,10651
,Texas,48,American Indian or Alaska Native,1002-5,Unknown or Not Stated,9,38
,Texas,48,Asian or Pacific Islander,A-PI,Hispanic or Latino,2135-2,11500
,Texas,48,Asian or Pacific Islander,A-PI,Not Hispanic or Latino,2186-5,243418
,Texas,48,Asian or Pacific Islander,A-PI,Unknown or Not Stated,9,393
,Texas,48,Black or African American,2054-5,Hispanic or Latino,2135-2,49204
,Texas,48,Black or African American,2054-5,Not Hispanic or Latino,2186-5,609581
,Texas,48,Black or African American,2054-5,Unknown or Not Stated,9,875
,Texas,48,White,2106-3,Hispanic or Latino,2135-2,2388669
,Texas,48,White,2106-3,Not Hispanic or Latino,2186-5,1757767
,Texas,48,White,2106-3,Unknown or Not Stated,9,3863
,Utah,49,American Indian or Alaska Native,1002-5,Hispanic or Latino,2135-2,1688
,Utah,49,American Indian or Alaska Native,1002-5,Not Hispanic or Latino,2186-5,7347
,Utah,49,American Indian or Alaska Native,1002-5,Unknown or Not Stated,9,114
,Utah,49,Asian or Pacific Islander,A-PI,Hispanic or Latino,2135-2,1364
,Utah,49,Asian or Pacific Islander,A-PI,Not Hispanic or Latino,2186-5,22055
,Utah,49,Asian or Pacific Islander,A-PI,Unknown or Not Stated,9,543
,Utah,49,Black or African American,2054-5,Hispanic or Latino,2135-2,1776
,Utah,49,Black or African American,2054-5,Not Hispanic or Latino,2186-5,7872
,Utah,49,Black or African American,2054-5,Unknown or Not Stated,9,267
,Utah,49,White,2106-3,Hispanic or Latino,2135-2,101108
,Utah,49,White,2106-3,Not Hispanic or Latino,2186-5,511432
,Utah,49,White,2106-3,Unknown or Not Stated,9,9191
,Vermont,50,American Indian or Alaska Native,1002-5,Hispanic or Latino,2135-2,21
,Vermont,50,American Indian or Alaska Native,1002-5,Not Hispanic or Latino,2186-5,203
,Vermont,50,American Indian or Alaska Native,1002-5,Unknown or Not Stated,9,Suppressed
,Vermont,50,Asian or Pacific Islander,A-PI,Hispanic or Latino,2135-2,40
,Vermont,50,Asian or Pacific Islander,A-PI,Not Hispanic or Latino,2186-5,1817
,Vermont,50,Asian or Pacific Islander,A-PI,Unknown or Not Stated,9,31
,Vermont,50,Black or African American,2054-5,Hispanic or Latino,2135-2,83
,Vermont,50,Black or African American,2054-5,Not Hispanic or Latino,2186-5,1397
,Vermont,50,Black or African American,2054-5,Unknown or Not Stated,9,47
,Vermont,50,White,2106-3,Hispanic or Latino,2135-2,1173
,Vermont,50,White,2106-3,Not Hispanic or Latino,2186-5,72069
,Vermont,50,White,2106-3,Unknown or Not Stated,9,424
,Virginia,51,American Indian or Alaska Native,1002-5,Hispanic or Latino,2135-2,538
,Virginia,51,American Indian or Alaska Native,1002-5,Not Hispanic or Latino,2186-5,2210
,Virginia,51,American Indian or Alaska Native,1002-5,Unknown or Not Stated,9,Suppressed
,Virginia,51,Asian or Pacific Islander,A-PI,Hispanic or Latino,2135-2,5943
,Virginia,51,Asian or Pacific Islander,A-PI,Not Hispanic or Latino,2186-5,101088
,Virginia,51,Asian or Pacific Islander,A-PI,Unknown or Not Stated,9,93
,Virginia,51,Black or African American,2054-5,Hispanic or Latino,2135-2,13617
,Virginia,51,Black or African American,2054-5,Not Hispanic or Latino,2186-5,286538
,Virginia,51,Black or African American,2054-5,Unknown or Not Stated,9,500
,Virginia,51,White,2106-3,Hispanic or Latino,2135-2,157920
,Virginia,51,White,2106-3,Not Hispanic or Latino,2186-5,764960
,Virginia,51,White,2106-3,Unknown or Not Stated,9,1479
,Washington,53,American Indian or Alaska Native,1002-5,Hispanic or Latino,2135-2,7639
,Washington,53,American Indian or Alaska Native,1002-5,Not Hispanic or Latino,2186-5,19909
,Washington,53,American Indian or Alaska Native,1002-5,Unknown or Not Stated,9,689
,Washington,53,Asian or Pacific Islander,A-PI,Hispanic or Latino,2135-2,6786
,Washington,53,Asian or Pacific Islander,A-PI,Not Hispanic or Latino,2186-5,123414
,Washington,53,Asian or Pacific Islander,A-PI,Unknown or Not Stated,9,4029
,Washington,53,Black or African American,2054-5,Hispanic or Latino,2135-2,8881
,Washington,53,Black or African American,2054-5,Not Hispanic or Latino,2186-5,57440
,Washington,53,Black or African American,2054-5,Unknown or Not Stated,9,2887
,Washington,53,White,2106-3,Hispanic or Latino,2135-2,187914
,Washington,53,White,2106-3,Not Hispanic or Latino,2186-5,707215
,Washington,53,White,2106-3,Unknown or Not Stated,9,13259
,West Virginia,54,American Indian or Alaska Native,1002-5,Hispanic or Latino,2135-2,46
,West Virginia,54,American Indian or Alaska Native,1002-5,Not Hispanic or Latino,2186-5,249
,West Virginia,54,American Indian or Alaska Native,1002-5,Unknown or Not Stated,9,Suppressed
,West Virginia,54,Asian or Pacific Islander,A-PI,Hispanic or Latino,2135-2,98
,West Virginia,54,Asian or Pacific Islander,A-PI,Not Hispanic or Latino,2186-5,2475
,West Virginia,54,Asian or Pacific Islander,A-PI,Unknown or Not Stated,9,31
,West Virginia,54,Black or African American,2054-5,Hispanic or Latino,2135-2,244
,West Virginia,54,Black or African American,2054-5,Not Hispanic or Latino,2186-5,9889
,West Virginia,54,Black or African American,2054-5,Unknown or Not Stated,9,83
,West Virginia,54,White,2106-3,Hispanic or Latino,2135-2,3361
,West Virginia,54,White,2106-3,Not Hispanic or Latino,2186-5,244067
,West Virginia,54,White,2106-3,Unknown or Not Stated,9,1031
,Wisconsin,55,American Indian or Alaska Native,1002-5,Hispanic or Latino,2135-2,1621
,Wisconsin,55,American Indian or Alaska Native,1002-5,Not Hispanic or Latino,2186-5,12049
,Wisconsin,55,American Indian or Alaska Native,1002-5,Unknown or Not Stated,9,59
,Wisconsin,55,Asian or Pacific Islander,A-PI,Hispanic or Latino,2135-2,594
,Wisconsin,55,Asian or Pacific Islander,A-PI,Not Hispanic or Latino,2186-5,40305
,Wisconsin,55,Asian or Pacific Islander,A-PI,Unknown or Not Stated,9,167
,Wisconsin,55,Black or African American,2054-5,Hispanic or Latino,2135-2,2700
,Wisconsin,55,Black or African American,2054-5,Not Hispanic or Latino,2186-5,91795
,Wisconsin,55,Black or African American,2054-5,Unknown or Not Stated,9,254
,Wisconsin,55,White,2106-3,Hispanic or Latino,2135-2,80614
,Wisconsin,55,White,2106-3,Not Hispanic or Latino,2186-5,646275
,Wisconsin,55,White,2106-3,Unknown or Not Stated,9,1648
,Wyoming,56,American Indian or Alaska Native,1002-5,Hispanic or Latino,2135-2,420
,Wyoming,56,American Indian or Alaska Native,1002-5,Not Hispanic or Latino,2186-5,3278
,Wyoming,56,American Indian or Alaska Native,1002-5,Unknown or Not Stated,9,116
,Wyoming,56,Asian or Pacific Islander,A-PI,Hispanic or Latino,2135-2,174
,Wyoming,56,Asian or Pacific Islander,A-PI,Not Hispanic or Latino,2186-5,1203
,Wyoming,56,Asian or Pacific Islander,A-PI,Unknown or Not Stated,9,32
,Wyoming,56,Black or African American,2054-5,Hispanic or Latino,2135-2,290
,Wyoming,56,Black or African American,2054-5,Not Hispanic or Latino,2186-5,1044
,Wyoming,56,Black or African American,2054-5,Unknown or Not Stated,9,34
,Wyoming,56,White,2106-3,Hispanic or Latino,2135-2,11132
,Wyoming,56,White,2106-3,Not Hispanic or Latino,2186-5,77642
,Wyoming,56,White,2106-3,Unknown or Not Stated,9,1391
---,,,,,,,
"Dataset: Natality, 2007-2019",,,,,,,
Query Parameters:,,,,,,,
Age of Mother 9: Under 15 years; 15-19 years; 20-24 years; 25-29 years; 30-34 years; 35-39 years; 40-44 years,,,,,,,
Year: 2007; 2008; 2009; 2010; 2011; 2012; 2013; 2014; 2015; 2016; 2017; 2018; 2019,,,,,,,
Group By: State; Mother's Bridged Race; Mother's Hispanic Origin,,,,,,,
Show Totals: Disabled,,,,,,,
Show Zero Values: True,,,,,,,
Show Suppressed: True,,,,,,,
"Calculate Rates Per: 1,000",,,,,,,
Population Option: No populations shown because rates were not selected.,,,,,,,
---,,,,,,,
Help: See http://wonder.cdc.gov/wonder/help/Natality.html for more information.,,,,,,,
---,,,,,,,
"Query Date: Sep 2, 2021 6:51:10 AM",,,,,,,
---,,,,,,,
"Suggested Citation: United States Department of Health and Human Services (US DHHS), Centers for Disease Control and Prevention",,,,,,,
"(CDC), National Center for Health Statistics (NCHS), Division of Vital Statistics, Natality public-use data 2007-2019, on CDC",,,,,,,
"WONDER Online Database, October 2020. Accessed at http://wonder.cdc.gov/natality-current.html on Sep 2, 2021 6:51:10 AM",,,,,,,
---,,,,,,,
Messages:,,,,,,,
1. Totals are not available for these results due to suppression constraints. More Information:,,,,,,,
http://wonder.cdc.gov/wonder/help/faq.html#Privacy.,,,,,,,
---,,,,,,,
Caveats:,,,,,,,
1. 'Suppressed' appears when the data do not meet the criteria for confidentiality constraints. More information:,,,,,,,
http://wonder.cdc.gov/wonder/help/Natality.html#Assurance of Confidentiality.,,,,,,,
2. Each birth record represents one liveborn infant.,,,,,,,
